case_number,trip_duration_days,miles_traveled,total_receipts_amount,expected_output,algorithm_result,absolute_error,error_percentage
347,4,166,791.52,866.18,866.13,0.049999999999954525,0.005772472234403303
13,2,21,20.04,204.58,204.53,0.05000000000001137,0.02444031674651059
79,1,909,741.82,866.07,866.15,0.07999999999992724,0.0092371286385543
12,3,80,21.05,366.87,366.52,0.35000000000002274,0.09540164090822982
43,9,602,186.69,1085.4,1085.03,0.37000000000011823,0.03408881518335344
707,1,85,89.83,175.53,175.91,0.37999999999999545,0.21648721016350225
16,1,58,5.86,117.24,117.73,0.4900000000000091,0.4179460934834605
18,1,59,8.31,120.65,119.56,1.0900000000000034,0.9034397016162481
1,3,93,1.42,364.51,365.81,1.3000000000000114,0.35664316479657937
893,4,84,2243.12,1392.1,1393.53,1.4300000000000637,0.10272250556713337
156,3,1162,2152.66,1434.71,1436.3,1.5899999999999181,0.11082379017361822
23,5,592,433.75,869,867.04,1.9600000000000364,0.22554660529344492
508,14,545,1206.76,1977.89,1979.88,1.990000000000009,0.10061226862970181
528,4,730,799.25,1250.66,1248.65,2.009999999999991,0.16071514240480952
14,3,177,18.73,430.86,433.26,2.3999999999999773,0.5570254839158839
857,7,205,103.31,683.1,686.06,2.9599999999999227,0.4333186941882481
745,5,579,1018.52,1468.01,1471.02,3.009999999999991,0.20503947520793395
998,6,370,315.09,946.39,949.49,3.1000000000000227,0.3275605194475874
243,5,728,423.16,947.72,951.36,3.6399999999999864,0.38407968598320036
726,11,437,1053.24,1630.47,1635.06,4.589999999999918,0.2815139192993381
207,10,621,978.73,1656.28,1651.18,5.099999999999909,0.30791895090201593
902,1,620,490.45,678.74,673.23,5.509999999999991,0.8117983322037879
21,5,130,306.9,574.1,580.6,6.5,1.1322069325901412
202,5,125,96.38,570.99,577.5,6.509999999999991,1.1401250459727825
928,7,789,185.73,966.26,972.88,6.6200000000000045,0.6851158073396398
39,5,764,848.75,1468.46,1475.37,6.9099999999998545,0.4705609958732178
542,10,57,936.89,1237.07,1244.01,6.940000000000055,0.5610030151891207
923,5,406,1084.16,1399.39,1406.42,7.029999999999973,0.5023617433310208
65,5,770,873.33,1502.49,1495.06,7.430000000000064,0.49451244267849126
499,5,741,429.24,951.92,959.42,7.5,0.78788133456593
206,11,886,922.66,1852.24,1844.48,7.759999999999991,0.418952187621474
253,3,1159,2209.44,1434.84,1442.72,7.880000000000109,0.5491901536059847
128,5,66.13,848.03,1050.25,1042.22,8.029999999999973,0.7645798619376313
263,10,314,1098.8,1539.1,1529.54,9.559999999999945,0.6211422259762164
758,5,103,333.22,573.58,563.86,9.720000000000027,1.6946197566163441
532,12,85,1056.43,1466.31,1456.45,9.8599999999999,0.672436251542982
416,14,49,954.02,1480.87,1470.64,10.22999999999979,0.6908101318819202
844,7,1071,841.11,1699.9,1710.52,10.61999999999989,0.6247426319195182
7,3,41,4.52,320.12,330.96,10.839999999999975,3.386230163688609
790,9,938,742.17,1632.1,1642.98,10.88000000000011,0.6666258194963611
19,2,89,13.85,234.2,245.26,11.060000000000002,4.7224594363791645
125,9,194.34,1054.93,1374.9,1363.66,11.240000000000009,0.8175140010182564
2,1,55,3.6,126.06,114.8,11.260000000000005,8.932254481992706
3,1,47,17.97,128.91,117.19,11.719999999999999,9.091614304553563
448,5,392,1264.6,1465.72,1453.66,12.059999999999945,0.8228038097317323
34,5,446,219.98,788.62,776.52,12.100000000000023,1.534325784281406
262,11,1126,1593.03,2143.74,2155.93,12.190000000000055,0.568632390121939
226,2,941,1565.77,1432.79,1445.6,12.809999999999945,0.8940598412886707
40,5,249,873.75,1185.24,1172.32,12.920000000000073,1.0900745840504937
307,11,265,218.66,949.34,935.61,13.730000000000018,1.4462679335117048
235,12,96,1164.37,1553.21,1539.38,13.829999999999927,0.890414045750409
485,6,1198,222.6,1107.96,1121.96,14.0,1.2635835228708618
95,1,362.79,749.19,636.51,622.43,14.080000000000041,2.212062654160978
988,11,176,1050.67,1444.13,1458.39,14.259999999999991,0.9874457285701419
308,10,223,886.32,1305.54,1319.83,14.289999999999964,1.0945662331295836
36,5,324,128.94,686.54,700.88,14.340000000000032,2.088734815160083
38,5,367,290.78,742.25,727.54,14.710000000000036,1.9818120579319685
926,4,477,18.97,631.5,616.66,14.840000000000032,2.3499604117181367
442,14,487,579.29,1516.68,1501.79,14.8900000000001,0.9817496109924374
667,4,348,2047.08,1507.04,1491.99,15.049999999999955,0.9986463531160391
17,1,133,8.34,179.06,163.97,15.090000000000003,8.427342790126216
181,12,757,897.4,1780.07,1795.37,15.299999999999955,0.8595167605768287
75,1,815,97.89,539.36,554.95,15.590000000000032,2.8904627706911956
5,3,88,5.78,380.37,364.49,15.879999999999995,4.174882351394693
77,7,817,1127.87,1809.91,1793.67,16.24000000000001,0.897282185302032
131,9,849,1007.41,1785.47,1769.02,16.450000000000045,0.9213260374019192
570,2,1029,1702.6,1577.55,1561.05,16.5,1.0459256441951126
287,12,734,2491.82,1792.31,1774.74,17.569999999999936,0.9802991669967771
956,7,756,1473.59,1961.96,1979.75,17.789999999999964,0.9067463149095784
374,14,81,1251.97,1682.62,1700.65,18.0300000000002,1.071543188598745
567,12,1077,32.55,1387.43,1369.14,18.289999999999964,1.318264705246388
519,1,797,126.8,543.18,562.2,19.020000000000095,3.5016016790014537
246,12,49,1118.38,1494.81,1475.7,19.1099999999999,1.2784233447729076
4,2,13,4.67,203.52,183.64,19.880000000000024,9.7680817610063
739,9,131,1990,1557.2,1577.77,20.569999999999936,1.3209606986899523
259,4,725,588.9,1097.95,1119.09,21.139999999999873,1.9254064392731793
764,9,223,1916.03,1623.73,1602.42,21.309999999999945,1.3124103145227313
836,11,913,2253.41,1758.56,1780.06,21.5,1.2225912109908108
196,5,285,974.73,1282.84,1260.27,22.569999999999936,1.7593776308814768
546,10,5,836.86,1116.56,1139.15,22.590000000000146,2.023178333452761
437,4,256,2218.74,1476.03,1499.02,22.99000000000001,1.5575564182299824
848,6,1148,1525.81,1776.48,1753.36,23.12000000000012,1.3014500585427429
247,2,18,2503.46,1206.95,1183.8,23.15000000000009,1.9180579145780763
135,7,1010,1514.03,2063.98,2087.31,23.329999999999927,1.1303404102752899
759,1,893,19.76,570.71,547.08,23.629999999999995,4.140456624204936
189,2,958,1855.58,1549.54,1573.25,23.710000000000036,1.5301315229035737
765,6,522,1210.87,1577.01,1553.04,23.970000000000027,1.5199649970513838
643,12,1003,983.23,1996.18,2020.27,24.089999999999918,1.2068049975453072
8,1,140,22.71,199.68,175.35,24.330000000000013,12.184495192307699
548,8,482,1411.49,631.81,606.93,24.879999999999995,3.9378927209129326
876,13,8,78.44,713.71,738.8,25.089999999999918,3.5154334393521056
76,1,601,497.7,644.12,669.25,25.129999999999995,3.90144693535366
841,5,117,953.06,1116.8,1142.03,25.230000000000018,2.2591332378223514
577,2,785,1964.63,1522.76,1497.5,25.25999999999999,1.6588300191757066
447,10,683,2442.92,1643.68,1618.34,25.340000000000146,1.5416626107271576
15,1,141,10.15,195.14,169.67,25.47,13.052167674490109
461,3,200,58.24,494.63,469.12,25.50999999999999,5.157390372601741
11,2,202,21.24,356.17,330.62,25.55000000000001,7.173540724934726
302,3,70,631.88,564.16,538.56,25.600000000000023,4.537719795802613
317,13,658,559.48,1573.12,1547.5,25.61999999999989,1.6286106590724096
6,1,76,13.74,158.35,132.47,25.879999999999995,16.34354278497
599,3,1158,1107.4,1361.3,1387.45,26.15000000000009,1.9209579078821784
283,5,72,977.67,1156.55,1130.13,26.419999999999845,2.28438026890319
301,1,181,128.05,225.12,252.62,27.5,12.215707178393744
911,4,840,1375.42,1580.95,1552.97,27.980000000000018,1.7698219425029267
71,7,624,148.16,905.79,877.56,28.230000000000018,3.1166164342728466
96,1,288.72,159.26,303.94,332.86,28.920000000000016,9.515035862341255
359,10,796,1352.08,2000.19,2029.78,29.589999999999918,1.479359460851215
266,10,976,2166.02,1775.03,1745.43,29.59999999999991,1.6675774493952165
151,12,528,2476.41,1662.88,1632.86,30.02000000000021,1.805301645338221
963,4,333,1934.76,1467.52,1437.01,30.50999999999999,2.079017662450937
782,2,1155,1517.18,1543.17,1573.82,30.649999999999864,1.9861713226669686
25,5,708,1129.52,1654.62,1623.15,31.4699999999998,1.9019472749029869
316,12,229,1216.16,1696.65,1664.74,31.910000000000082,1.880765036984651
229,1,458,834.7,737.28,705.21,32.069999999999936,4.349772135416658
709,12,893,910.41,1862.13,1895.6,33.4699999999998,1.797404048052488
37,5,414,967,1368.94,1335.23,33.710000000000036,2.4624892252399695
165,5,873,1402.35,1676.79,1710.56,33.76999999999998,2.0139671634492085
10,3,117,21.99,359.1,392.89,33.789999999999964,9.409635199108871
776,11,293,285.14,966.87,1000.91,34.039999999999964,3.520638762191397
405,5,1160,1901.83,1673.89,1708.1,34.20999999999981,2.0437424203501906
929,13,70,993.7,1492.02,1457.49,34.52999999999997,2.314312140587926
867,13,858,2258.01,1889.71,1854.36,35.350000000000136,1.8706574024585854
869,4,198,2106.63,1450.67,1415.31,35.36000000000013,2.4374943991397164
967,11,322,1251.3,1732.46,1696.65,35.809999999999945,2.067002989968019
856,7,868,625.09,1403.48,1439.89,36.41000000000008,2.594265682446496
718,7,709,320.8,1116.62,1079.95,36.669999999999845,3.2840178395514905
20,2,147,17.43,325.56,288.86,36.69999999999999,11.272883646639633
30,5,811,952.39,1608.6,1571.87,36.73000000000002,2.2833519830908875
335,9,1155,1346.4,2248.12,2211.33,36.789999999999964,1.6364784797964507
840,4,842,893.25,1324.64,1361.44,36.799999999999955,2.77811329870757
45,12,333,1103.21,1618.13,1655.36,37.22999999999979,2.300804014510564
815,4,380,446.66,764.24,802.6,38.360000000000014,5.019365644300222
355,10,860,2380.76,1759.97,1721.39,38.57999999999993,2.1920828195935114
239,13,19,807.27,1331.53,1292.82,38.710000000000036,2.9071819636057796
32,5,730,485.73,991.49,952.6,38.889999999999986,3.9223794491119417
412,2,933,1589.58,1489.99,1449.6,40.3900000000001,2.7107564480298594
312,3,621,214.08,779.66,820.33,40.67000000000007,5.2163763691865785
26,5,261,464.94,621.12,661.82,40.700000000000045,6.552679031427107
568,12,211,749.56,1285.23,1326.06,40.82999999999993,3.1768632851707417
61,6,855,591.35,1339.72,1380.95,41.23000000000002,3.0775087331681257
178,4,470,1968.63,1501.1,1542.35,41.25,2.7479848111384984
729,10,5,1094.06,1361.08,1319.19,41.88999999999987,3.0777030005583708
449,10,175,1443.25,1635.5,1677.53,42.02999999999997,2.5698563130541103
333,10,1083,2105.36,1844.58,1801.95,42.62999999999988,2.311095208665381
100,1,252.75,285.5,331.74,374.4,42.65999999999997,12.859468258274543
119,9,310.69,239.64,828.16,870.91,42.75,5.162045981452859
871,14,1020,1201.75,2337.73,2294.62,43.11000000000013,1.844096623647732
70,7,748,241.73,971.31,1014.53,43.22000000000003,4.449660767417202
364,5,467,1243.31,1549.82,1506.55,43.26999999999998,2.7919371281826266
143,6,909,1332.18,1720.21,1676.88,43.32999999999993,2.5188785090192436
879,13,511,1628.33,1915.79,1871.53,44.25999999999999,2.3102740905840404
232,12,211,1048.29,1579.73,1535.17,44.559999999999945,2.820735188924686
843,9,51,314.81,704.94,749.54,44.59999999999991,6.326779584078064
655,9,463,1024.53,1476.48,1522.38,45.90000000000009,3.108745123537067
877,11,684,672.51,1487.93,1534.04,46.1099999999999,3.0989361058651888
376,11,496,373.98,1152.99,1199.11,46.11999999999989,4.000034692408424
880,4,231,20.39,499.26,453.12,46.139999999999986,9.241677682970796
640,3,1109,2092.26,1436.66,1390.14,46.51999999999998,3.238066069912156
441,6,690,1009.37,1559.83,1606.8,46.97000000000003,3.0112255822749936
641,7,753,358.13,1084.79,1132.68,47.8900000000001,4.414679338858222
894,5,716,1316.6,1686.98,1638.94,48.039999999999964,2.8476923259315443
583,10,1026,828.82,1865.67,1817.59,48.080000000000155,2.577090267839444
549,4,11,312.01,426.22,474.58,48.35999999999996,11.346253108723184
129,6,135.34,1144.13,1478.11,1429.31,48.799999999999955,3.301513419163659
757,5,919,470.23,1119.17,1069.78,49.3900000000001,4.413091844849316
785,4,422,2049.71,1491.9,1542.62,50.7199999999998,3.399691668342369
565,13,1054,1131.25,2162.03,2213.06,51.029999999999745,2.360281772223315
602,11,1156,2231.86,1988.56,1937.49,51.069999999999936,2.568190047069233
648,13,1167,1074.36,2197.33,2248.94,51.61000000000013,2.3487596310067276
666,7,1168,667.94,1639.55,1587.74,51.809999999999945,3.160013418315998
494,14,616,2374.41,1828.37,1776.32,52.049999999999955,2.846797967588615
350,5,116,478.1,624.04,571.92,52.120000000000005,8.352028716107943
968,13,11,1114.96,1555.48,1502.84,52.6400000000001,3.384164373698158
547,3,80,517.54,457.49,511.26,53.76999999999998,11.75326236639052
637,9,101,950.23,1281.64,1227.83,53.81000000000017,4.1985268874254995
597,1,547,573.6,616.27,670.88,54.610000000000014,8.861375695717788
176,10,164,1144.9,1516.43,1461.31,55.12000000000012,3.63485291111361
478,13,1062,869.28,2090.54,2035.04,55.5,2.654816458905355
435,12,10,1203.1,1564.9,1508.87,56.0300000000002,3.5804204741517154
330,6,818,1130.38,1704.06,1647.76,56.299999999999955,3.303874276727343
970,5,247,296.51,594.93,653.14,58.210000000000036,9.784344376649361
721,2,570,2297.12,1423.86,1482.15,58.29000000000019,4.093801356874987
622,6,344,233.31,800.18,859.39,59.210000000000036,7.399585093354
779,11,859,146.71,1267.98,1327.24,59.25999999999999,4.673575292985693
775,9,803,880.17,1589.75,1649.13,59.38000000000011,3.7351784871835263
147,6,907,1650.17,1737.86,1676.24,61.61999999999989,3.545740163189204
334,13,529,1767.79,2015.18,1953.33,61.850000000000136,3.069204736053362
134,9,1182,1342.24,2164.15,2226.51,62.36000000000013,2.8815008201834496
787,4,205,545.57,682.22,744.69,62.47000000000003,9.156870217818302
696,14,269,1349.61,1832.34,1894.96,62.62000000000012,3.4174880207821756
878,4,180,2365.46,1443.02,1506.78,63.75999999999999,4.418511177946251
783,5,765,480.48,1038.42,974.3,64.12000000000012,6.174765509138895
503,12,218,901.03,1371.86,1436.78,64.92000000000007,4.7322613094630706
314,4,448,2055.97,1497.46,1562.55,65.08999999999992,4.346693734724127
740,6,836,2035.17,1718.79,1653.52,65.26999999999998,3.797438895967511
198,9,118,1285.82,1539.77,1474.13,65.63999999999987,4.262974340323546
310,11,498,1578.39,1793.52,1727.86,65.66000000000008,3.6609572237834023
949,4,932,1287.34,1513.28,1579.38,66.10000000000014,4.367995347853678
862,10,955,1182.33,1950.3,2017.48,67.18000000000006,3.4445982669332955
205,1,214,540.03,402.81,470.41,67.60000000000002,16.78210570740548
816,9,238,1197.83,1560.78,1492.94,67.83999999999992,4.346544676379754
590,13,1140,1607.8,2214.64,2282.7,68.05999999999995,3.073185709641294
474,11,741,1207.39,1878.06,1946.64,68.58000000000015,3.651640522667016
9,3,121,21.17,464.07,395.28,68.79000000000002,14.823194776650078
605,11,654,1516.42,1870.43,1801.39,69.03999999999996,3.691129847147445
556,10,793,1422.29,2007.62,2076.91,69.28999999999996,3.4513503551468885
418,5,828,1606.84,1690.82,1621.31,69.50999999999999,4.11102305390284
551,13,632,268.91,1396.28,1326.68,69.59999999999991,4.984673561176835
439,2,1175,816.2,1237.62,1307.23,69.61000000000013,5.6245050984955105
158,11,558,1549.86,1823.47,1753.79,69.68000000000006,3.821285790278977
653,9,1063,2497.79,1761.94,1831.66,69.72000000000003,3.957001941042262
715,7,738,730.28,1429.72,1499.58,69.8599999999999,4.886271437764031
110,1,264.39,758.27,636.19,566.12,70.07000000000005,11.014005250003937
175,4,87,2463.92,1413.52,1483.86,70.33999999999992,4.976229554587124
972,11,1095,1071.83,2159.33,2088.93,70.40000000000009,3.260270546882602
313,6,1193,2241.5,1839.47,1767.76,71.71000000000004,3.898405518981013
515,4,463,1963.41,1607.34,1535.57,71.76999999999998,4.465141164905993
755,2,752,958.29,1144.41,1072.2,72.21000000000004,6.3098015571342465
224,5,516,1450.67,1547.5,1474.72,72.77999999999997,4.7030694668820665
553,11,527,1550.32,1806.06,1733.25,72.80999999999995,4.031427527324671
124,9,97.85,518.56,850.57,923.55,72.9799999999999,8.580128619631529
914,13,1055,2005.84,1997.52,1923.31,74.21000000000004,3.7151067323481133
884,7,316,141.89,837.8,763.49,74.30999999999995,8.869658629744563
209,13,534,1765.96,1881.36,1955.76,74.40000000000009,3.9545860441382876
935,7,759,1694.02,1960.92,2035.45,74.52999999999997,3.8007669869245033
132,6,806,1760.64,1718.76,1643.92,74.83999999999992,4.3543019386068975
256,9,576,1059.79,1547.5,1622.77,75.26999999999998,4.863974151857834
360,9,72,1281.32,1515.54,1440.16,75.37999999999988,4.973804716470689
497,3,1187,1632.14,1451.85,1375.72,76.12999999999988,5.243654647518675
339,6,659,322.1,972.58,1048.98,76.39999999999998,7.855394928951857
684,8,795,1645.99,644.69,721.12,76.42999999999995,11.855310304177193
289,9,497,1845.08,1674.09,1750.53,76.44000000000005,4.56606275648263
930,12,59,858.62,1377.35,1300.56,76.78999999999996,5.575198751225177
91,1,344.46,813.85,707.88,630.83,77.04999999999995,10.884613211278742
722,9,13,986.41,1271.52,1194.2,77.31999999999994,6.080911035610917
737,9,483,52.64,949.04,871.25,77.78999999999996,8.196704037764475
47,9,218,1203.45,1561.63,1483.47,78.16000000000008,5.005026798921644
169,7,948,657.17,1578.97,1499.97,79.0,5.003261619916781
454,13,889,232.72,1394.38,1473.53,79.14999999999986,5.67635795120411
763,7,950,1739.62,2032.23,2111.42,79.19000000000005,3.8967046052858216
918,5,517,919.25,1288.31,1368.05,79.74000000000001,6.189504078987201
109,1,388.1,827.37,741.46,661.07,80.38999999999999,10.842122299247428
217,3,307,266.21,540.97,621.38,80.40999999999997,14.864040519807006
663,4,159,568.58,647,727.68,80.67999999999995,12.469860896445123
670,4,672,1603.52,1612.43,1531.65,80.77999999999997,5.009829884087989
251,14,807,2358.41,1819.41,1900.29,80.87999999999988,4.445397134235817
148,9,816,1171.81,1780.58,1861.99,81.41000000000008,4.5721057183614375
961,2,826,2163.39,1523.26,1605.3,82.03999999999996,5.385817260349511
932,3,275,543.74,572.73,655.62,82.88999999999999,14.472788224817974
703,5,691,1030.64,1465.26,1548.34,83.07999999999993,5.669983484159803
608,5,96,1105.47,1312.16,1228.08,84.08000000000015,6.4077551518107665
784,9,1097,2330.2,1728.07,1812.54,84.47000000000003,4.888112171381948
773,4,275,2359.64,1483.58,1568.11,84.52999999999997,5.697704201997868
647,4,18,289.06,380.88,465.5,84.62,22.216971224532664
529,12,1070,1055.51,2030.76,2115.76,85.00000000000023,4.185625086174646
607,12,713,1642.01,1873.19,1958.72,85.52999999999997,4.566007719451842
736,11,532,2419.86,1653.69,1566.41,87.27999999999997,5.277893680193989
188,6,1043,1404.35,1807.42,1719.76,87.66000000000008,4.850007192572843
958,9,800,39.96,1158.68,1070.96,87.72000000000003,7.570683881658441
586,14,865,2497.16,1885.87,1973.84,87.97000000000003,4.664690567218314
409,14,414,1919.7,1918.89,2007.23,88.33999999999992,4.603703182569085
818,12,710,1249.41,1921.09,2010.29,89.20000000000005,4.643197351503576
191,6,45,81.59,522.58,611.99,89.40999999999997,17.109342110298893
185,5,291,1279.7,1477.12,1386.51,90.6099999999999,6.134234185441935
754,13,564,2245.56,1745.09,1654.27,90.81999999999994,5.204316109770839
866,10,895,937.46,1714.8,1805.87,91.06999999999994,5.310823419640771
593,12,482,1710.47,1746.74,1838.18,91.44000000000005,5.234894718160691
87,9,397,348.49,913.29,1004.93,91.63999999999999,10.03405271053006
234,9,662,2275.59,1599.27,1507.44,91.82999999999993,5.741994785120707
619,6,470,2235.72,1628.6,1536.4,92.19999999999982,5.66130418764582
194,6,333,1254.68,1585.02,1492.56,92.46000000000004,5.833364878676612
712,14,904,2005.96,1970.01,1877.17,92.83999999999992,4.71266643316531
710,14,113,1091.13,1703.02,1609.5,93.51999999999998,5.491421122476541
908,5,840,941.55,1676.48,1582.81,93.67000000000007,5.587301966024055
557,13,32,232.43,805.12,899.14,94.01999999999998,11.677762321144671
566,10,872,2191.27,1776.62,1682.06,94.55999999999995,5.322466256149315
469,4,627,956.98,1337.63,1242.88,94.75,7.083423667232343
453,7,194,202.49,686.23,781.39,95.15999999999997,13.867070807163772
580,10,877,1711.12,1897.37,1993.15,95.7800000000002,5.048040181936059
762,5,332,218.03,801.73,705.84,95.88999999999999,11.96038566599728
146,6,1006,1219.71,1803.97,1707.92,96.04999999999995,5.324367921861225
659,10,631,1220.71,1730.86,1827.27,96.41000000000008,5.570063436673104
154,13,756,954.4,1793.07,1889.6,96.52999999999997,5.383504269214252
760,12,37,52.65,789.01,692.44,96.56999999999994,12.239388600904924
777,6,164,1460.21,1535.3,1438.48,96.81999999999994,6.306259362990943
960,13,997,920.48,2124.16,2027.33,96.82999999999993,4.558507833684842
35,5,751,407.43,1063.46,965.62,97.84000000000003,9.200157974912083
644,3,269,708.05,799.12,700.71,98.40999999999997,12.31479627590349
795,10,150,418.41,844.9,943.39,98.49000000000001,11.657000828500417
183,2,456,2390.7,1342.39,1440.92,98.52999999999997,7.339893771556699
228,7,273,285.83,793.58,892.38,98.79999999999995,12.44991053201945
514,9,1064,2016.76,1810.94,1712.07,98.87000000000012,5.459595569151938
445,11,708,1871.77,1916.37,2015.25,98.88000000000011,5.159755162103358
578,5,104,281.67,464.68,564.48,99.80000000000001,21.47714556253766
948,4,263,2469.06,1503.98,1603.83,99.84999999999991,6.639051051210782
901,4,6,458.7,459.21,559.24,100.03000000000003,21.783062215544096
691,4,197,1858.84,1416.33,1315.53,100.79999999999995,7.116985448306536
483,6,957,727.75,1448.72,1549.99,101.26999999999998,6.990308686288585
852,5,14,78.33,406.7,508.68,101.98000000000002,25.07499385296288
69,3,842,865.37,1251.14,1149.01,102.13000000000011,8.162955384689171
378,5,1014,1853.57,1749.31,1646.54,102.76999999999998,5.874887812909089
875,5,908,716.7,1375.88,1478.82,102.93999999999983,7.4817571299822525
842,12,307,957.17,1432.75,1535.71,102.96000000000004,7.1861804222648775
635,13,694,1054.31,1815.02,1918.0,102.98000000000002,5.673766680256968
630,10,625,519.94,1229.41,1332.71,103.29999999999995,8.402404405365171
534,6,367,1947.68,1606.76,1503.44,103.31999999999994,6.430331847942439
533,2,543,103.37,544.12,648.04,103.91999999999996,19.098728221715792
1000,3,399,141.39,546.04,649.99,103.95000000000005,19.037066881547148
363,5,230,333.69,538.36,642.6,104.24000000000001,19.362508358719076
277,4,305,125.79,664.43,559.82,104.6099999999999,15.74432220098429
650,6,930,1907.95,1788.75,1683.6,105.15000000000009,5.878406708595393
738,12,296,326.83,981.72,1087.1,105.37999999999988,10.734221570305166
965,12,466,1291.33,1770.37,1876.15,105.7800000000002,5.975022170506742
915,1,931,327.97,609.73,716.38,106.64999999999998,17.491348629721347
204,12,1065,203.2,1408.25,1515.79,107.53999999999996,7.636428191017218
682,6,420,386.77,929.16,1037.17,108.0100000000001,11.624478023160716
433,14,600,1120.05,1847.84,1956.03,108.19000000000005,5.854944151008748
997,11,636,2238.97,1699.94,1590.86,109.08000000000015,6.416697059896241
526,12,380,1526.79,1787.41,1677.99,109.42000000000007,6.121706827196897
24,5,679,476.08,1030.41,920.98,109.43000000000006,10.6200444483264
564,3,771,725.67,1166.93,1057.4,109.52999999999997,9.386167122278112
222,14,47,1667.14,1745.18,1635.06,110.12000000000012,6.309950836016921
33,5,262,1173.79,1485.59,1375.4,110.18999999999983,7.417255097301398
826,3,154,274.04,406.91,517.42,110.50999999999993,27.158339681993542
245,11,332,1352.48,1663.39,1774.18,110.78999999999996,6.660494532250402
380,5,654,1272.89,1724.68,1613.61,111.07000000000016,6.440035252916493
609,7,1054,576.47,1344.18,1456.37,112.18999999999983,8.346352423038567
882,9,578,1167.71,1587.21,1699.66,112.45000000000005,7.08475879058222
150,6,835,1404.28,1765.79,1653.2,112.58999999999992,6.376182898306136
717,5,831,432.8,901.36,1015.22,113.86000000000001,12.632022721221267
756,11,293,1410,1673.7,1788.31,114.6099999999999,6.847702694628661
805,13,36,808.38,1190.16,1304.99,114.82999999999993,9.648282583854265
300,9,868,62.12,1022.81,1138.68,115.87000000000012,11.328594753668826
897,3,504,63.39,568.17,684.5,116.33000000000004,20.474505869722098
664,1,292,449.83,363.02,480.12,117.10000000000002,32.25717591317284
942,9,191,789.52,1058.5,1175.63,117.13000000000011,11.065658951346254
979,3,1136,1296.54,1536.6,1419.33,117.26999999999998,7.631784459195626
241,9,963,588.5,1434.42,1552.16,117.74000000000001,8.208195647021096
293,11,1116,2067.8,1987.44,1869.67,117.76999999999998,5.925713480658534
719,9,1078,161.85,1260.96,1379.11,118.14999999999986,9.369845197309976
981,1,1122,861.5,1081.05,962.85,118.19999999999993,10.933814347162475
987,12,643,2194.16,1758.03,1639.35,118.68000000000006,6.750738042012938
493,6,323,1477.23,1608.55,1489.36,119.19000000000005,7.40977899350347
598,10,5,1338.9,1610.25,1490.58,119.67000000000007,7.431765253842576
905,13,618,1982.27,2000.39,2120.19,119.79999999999995,5.988832177725341
845,13,922,1510.22,1967.87,2087.85,119.98000000000002,6.096947460960329
936,10,174,1991.96,1542.4,1662.56,120.15999999999985,7.79045643153526
171,4,362,646.43,788.53,910.4,121.87,15.45534095088329
554,5,948,898.6,1499.68,1621.85,122.16999999999985,8.146404566307467
429,10,1009,2164.22,1889.87,1767.09,122.77999999999997,6.496743162228088
451,13,799,951.92,1793.36,1916.67,123.31000000000017,6.875920060668253
97,2,782.17,830.72,1165.44,1041.99,123.45000000000005,10.592565897858323
645,14,646,2418.19,1931.21,1807.37,123.84000000000015,6.412560001242753
563,5,716,1111.23,1492.08,1616.22,124.1400000000001,8.31992922631495
107,3,859.12,611.07,960.47,1084.7,124.23000000000002,12.934292585921478
248,14,592,1268.36,1930.24,2054.49,124.24999999999977,6.437023375331553
396,11,815,2385.6,1872.44,1747.45,124.99000000000001,6.6752472709405914
342,6,628,311.47,903.3,1028.43,125.13000000000011,13.852540684158098
778,12,675,2277.93,1807.33,1681.73,125.59999999999991,6.949477959199478
140,6,811,1252.04,1771.8,1645.52,126.27999999999997,7.1272152613161746
225,6,471,332.51,872.19,999.23,127.03999999999996,14.565633634873128
336,7,1185,1768.01,2072.18,2199.35,127.17000000000007,6.137015124168753
105,1,276.85,485.54,361.66,488.88,127.21999999999997,35.17668528452136
379,9,686,145.66,972.95,1100.28,127.32999999999993,13.087003443136844
324,7,1126,1103.75,2014.72,1887.35,127.37000000000012,6.321970298602293
974,9,14,1057.38,1372.31,1244.55,127.75999999999999,9.309849815274974
353,2,660,1944.4,1531.2,1403.16,128.03999999999996,8.362068965517238
860,9,482,1348.44,1633.26,1761.85,128.58999999999992,7.873210633946826
444,13,360,271.93,1017.64,1146.55,128.90999999999997,12.667544514759637
651,5,714,617.72,1164.2,1294.2,130.0,11.166466242913588
803,7,568,159.12,738.92,868.92,130.0,17.593244194229417
888,11,663,2141.08,1715.29,1584.48,130.80999999999995,7.62611570055209
741,10,532,1223.36,1631.49,1762.79,131.29999999999995,8.047858092908932
802,6,751,2085.98,1757.81,1626.32,131.49,7.480330638692465
687,12,916,2394.85,1740.85,1872.43,131.58000000000015,7.558376655082297
976,6,135,2488.22,1561.2,1429.2,132.0,8.455034588777863
891,7,125,193.62,616.24,748.37,132.13,21.44132156302739
210,6,475,1800.71,1671.23,1538.0,133.23000000000002,7.9719727386416
994,5,567,193.11,718.3,851.54,133.24,18.549352638173467
531,11,456,2223.72,1600.1,1466.45,133.64999999999986,8.352602962314847
459,9,524,136.46,848.89,982.54,133.64999999999998,15.744089340197196
610,12,495,1948.13,1831.92,1965.72,133.79999999999995,7.303812393554302
612,7,1000,1620.46,1971.23,2105.09,133.86000000000013,6.790683989184425
886,12,121,608.92,1033.44,1167.31,133.8699999999999,12.953824121381007
27,5,794,511,1139.94,1274.43,134.49,11.797989367861467
249,3,892,171.32,875.39,1010.06,134.66999999999996,15.384000274163512
487,12,958,2499.84,1791.69,1926.82,135.12999999999988,7.542041312950336
127,5,126.44,696.14,845.35,980.88,135.52999999999997,16.03241261016147
693,10,834,1820.8,1883.49,2019.18,135.69000000000005,7.204179475335683
839,10,728,226.53,1060.47,1196.33,135.8599999999999,12.81130064971191
731,6,436,914.53,1389.11,1525.52,136.41000000000008,9.819956662899273
486,3,1092,1737.65,1462.01,1325.05,136.96000000000004,9.3679249799933
472,10,64,455.9,774.64,912.01,137.37,17.7333987400599
686,12,1074,2407.71,1843.97,1981.51,137.53999999999996,7.458906598263527
825,10,273,799.9,1155.05,1292.84,137.78999999999996,11.929353707631702
571,10,643,2263.77,1685.92,1546.75,139.17000000000007,8.254840087311383
624,5,629,484.34,1029.87,889.98,139.88999999999987,13.583267791080416
278,12,104,1300.05,1779.92,1639.71,140.21000000000004,7.8773203290035525
337,5,763,1420.94,1777.14,1636.78,140.36000000000013,7.898083437433185
625,11,327,961.08,1356.46,1496.85,140.38999999999987,10.349733866092613
273,12,218,486.02,1005.67,1146.27,140.60000000000002,13.980729265067074
977,5,717,1508.97,1722.49,1581.85,140.6400000000001,8.164924034392078
252,5,873,1584.53,1796.7,1655.9,140.79999999999995,7.836589302610339
362,7,671,1297.02,1703.2,1844.06,140.8599999999999,8.270314701737899
56,10,909,696,1505.19,1646.23,141.03999999999996,9.370245616832424
173,1,140,255.99,150.34,292.0,141.66,94.22642011440733
311,14,127,988.4,1688.9,1546.97,141.93000000000006,8.40369471253479
488,11,955,1282.19,2000.42,2142.38,141.96000000000004,7.096509732956082
584,11,1106,2250.54,2050.62,1908.65,141.9699999999998,6.923271986033483
917,13,1204,24.47,1344.17,1486.15,141.98000000000002,10.562652045500197
145,9,913,1021.29,1964.86,1821.61,143.25,7.29059576763739
832,8,16,259.02,543.56,400.0,143.55999999999995,26.411067775406572
63,5,685,747.14,1216.36,1360.34,143.98000000000002,11.836956164293468
685,4,420,927.74,1238.04,1092.5,145.53999999999996,11.755678330263963
28,5,521,1448.55,1624.01,1478.45,145.55999999999995,8.962998996311596
774,5,755,1584.41,1729.08,1582.78,146.29999999999995,8.461146968329977
172,2,622,1871.56,1494.23,1347.8,146.43000000000006,9.799696164579755
323,4,262,1681.28,1435.34,1288.05,147.28999999999996,10.261680159404738
854,4,810,1852.31,1575.87,1723.62,147.75,9.375773382322146
952,1,759,330.29,500.92,648.75,147.82999999999998,29.51169847480635
332,2,267,2116.93,1349.04,1201.0,148.03999999999996,10.97372946688015
22,5,173,1337.9,1443.96,1295.89,148.06999999999994,10.254439181140746
524,10,692,1671.71,1701.23,1849.5,148.26999999999998,8.715458815092608
52,9,954,1483.39,2024.2,2172.55,148.35000000000014,7.328821262721082
338,7,368,1231.69,1550.04,1698.81,148.76999999999998,9.597816830533406
29,5,595,863.93,1231.67,1380.45,148.77999999999997,12.079534290840888
383,10,714,269.06,1067.81,1216.72,148.91000000000008,13.945364812092048
294,10,831,39.86,982.64,1131.63,148.99000000000012,15.16221607099244
946,4,317,1793.28,1518.93,1369.7,149.23000000000002,9.8246792149737
126,9,332.35,374.61,830.45,979.9,149.44999999999993,17.996267084111015
211,11,623,2265.21,1739.18,1588.71,150.47000000000003,8.651778424314909
94,1,359.62,221.15,255.57,406.35,150.78000000000003,58.99753492193921
197,12,33,1249.13,1707.38,1556.5,150.8800000000001,8.83693143881269
111,5,198.21,594.83,807.48,959.53,152.04999999999995,18.830187744588095
66,6,697,651.64,1237.71,1390.68,152.97000000000003,12.359114816879561
49,11,916,1036.91,2098.07,1944.56,153.51000000000022,7.316724418155743
484,9,800,2167.72,1726.51,1572.93,153.57999999999993,8.895401706332423
153,11,1179,31.36,1550.55,1396.29,154.26,9.948727870755537
982,14,383,97.95,1203.93,1049.56,154.37000000000012,12.82217404666385
827,7,636,697.02,1276.06,1430.62,154.55999999999995,12.112283121483312
678,13,63,107.92,710.25,865.13,154.88,21.80640619500176
399,9,1102,540.6,1455.85,1611.76,155.91000000000008,10.709207679362578
660,9,633,888.17,1384.78,1540.83,156.04999999999995,11.268938026256874
258,10,459,2183.11,1559.59,1403.31,156.27999999999997,10.020582332536113
984,14,1090,2248.68,1905.5,2062.47,156.9699999999998,8.237732878509567
306,2,547,119.09,509.52,666.52,157.0,30.81331449207097
261,10,536,2194.42,1615.13,1457.72,157.41000000000008,9.745964721106045
31,5,477,704.42,1045.96,1203.61,157.64999999999986,15.072278098588843
102,1,257.97,816.81,738.01,579.83,158.17999999999995,21.433313911735606
955,6,840,870.82,1496.46,1654.8,158.33999999999992,10.580971091776586
168,12,986,2390.92,1760,1918.35,158.3499999999999,8.997159090909086
937,1,780,366.37,516.69,675.18,158.4899999999999,30.674098589095955
671,4,1191,999.45,1478.93,1637.75,158.81999999999994,10.738844975759497
401,13,1024,1712.85,2097.69,2257.51,159.82000000000016,7.61885693310261
714,14,555,313.73,1201.26,1361.46,160.20000000000005,13.33599720293692
54,12,765,1343.97,1953.03,2113.33,160.29999999999995,8.207759225408722
387,5,651,1573.3,1682.08,1521.63,160.44999999999982,9.538785313421467
523,7,981,658.85,1351.69,1513.2,161.51,11.948745644341527
808,14,174,815.3,1295.14,1457.29,162.14999999999986,12.519882020476539
341,6,172,1977.78,1603.89,1441.04,162.85000000000014,10.153439450336379
887,4,764,1417.94,1682.1,1519.06,163.03999999999996,9.692646097140479
414,10,773,865.92,1837.11,1674.05,163.05999999999995,8.875897469394863
295,14,124,1064.64,1761.68,1598.33,163.35000000000014,9.272399073611561
550,12,1075,2328.11,1798.38,1962.28,163.89999999999986,9.113757937699477
470,1,432,581.71,448.34,613.71,165.37000000000006,36.88495338359282
791,5,351,407.74,883.11,717.62,165.49,18.739454881045397
385,14,1122,1766.25,2239.35,2404.86,165.51000000000022,7.3909839908902235
141,7,889,1417.96,1826.08,1992.93,166.85000000000014,9.137058617366169
991,3,175,440.19,431.17,598.58,167.41000000000003,38.826912818609834
137,6,825,1692.73,1817.77,1650.0,167.76999999999998,9.229440468266063
163,10,1145,311.43,1366.61,1535.15,168.5400000000002,12.332706478073497
829,2,798,2334.41,1485.4,1654.38,168.98000000000002,11.376060320452403
924,4,103,1790.07,1394.55,1225.04,169.51,12.155175504643074
74,6,761,530.19,1120.1,1289.71,169.61000000000013,15.142398000178567
358,5,966,359.51,927.98,1098.92,170.94000000000005,18.42065561757797
812,5,1120,1514.91,1658.97,1829.93,170.96000000000004,10.305189364485194
275,11,17,550.58,830.07,1001.8,171.7299999999999,20.688616622694457
544,2,983,2109.93,1519.98,1692.24,172.26,11.333043855840208
971,14,1158,2104.61,1899.69,2072.01,172.32000000000016,9.070953681916532
698,9,52,350.58,601.81,775.25,173.44000000000005,28.819727156411503
794,6,384,1656.04,1682.33,1508.88,173.44999999999982,10.310105627314488
594,2,68,756.61,648.53,822.21,173.68000000000006,26.78056527839885
184,5,733,41.18,771.83,945.64,173.80999999999995,22.519207597527945
386,4,1202,1074.87,1501.24,1675.29,174.04999999999995,11.593749167354982
673,7,951,584.4,1253.76,1428.25,174.49,13.917336651352732
922,10,454,2359.42,1619,1444.04,174.96000000000004,10.806670784434838
595,14,512,526.84,1306.64,1481.83,175.18999999999983,13.407671585134375
186,10,478,2091.79,1568.41,1393.21,175.20000000000005,11.170548517288212
468,2,251,1916.43,1285.2,1109.76,175.44000000000005,13.650793650793656
748,10,87,498.96,781.97,957.56,175.58999999999992,22.454825632696895
933,12,180,384.42,873.97,1049.69,175.72000000000003,20.105953293591316
255,1,388,390.7,332.06,508.15,176.08999999999997,53.02957296874058
227,10,377,301.96,837.36,1013.96,176.60000000000002,21.090092672207895
555,5,504,1502.63,1628.66,1451.69,176.97000000000003,10.865987990126854
631,14,457,848.61,1492.64,1670.22,177.57999999999993,11.897041483545927
480,14,767,186.47,1292.77,1470.36,177.58999999999992,13.737169024652484
912,4,724,89.99,667.98,846.07,178.09000000000003,26.660977873589033
144,9,1096,1690.22,1894.85,2074.43,179.57999999999993,9.477267329867797
193,12,379,1897.29,1682.98,1862.58,179.5999999999999,10.671546898953043
720,2,616,968.93,1163.1,982.61,180.4899999999999,15.518012208752463
804,12,574,2240.9,1785.72,1604.8,180.92000000000007,10.131487579239751
203,6,597,888.84,1395.65,1577.04,181.38999999999987,12.996811521513262
423,4,675,381.48,779.68,961.14,181.46000000000004,23.27365072850401
59,9,708,461.07,1110.6,1292.11,181.51,16.343417972267243
446,3,182,347.82,384.77,566.53,181.76,47.238610078748344
539,7,344,1242.05,1514.4,1696.63,182.23000000000002,12.033148441627048
354,10,888,298.68,1171.54,1354.04,182.5,15.577786503235059
859,11,447,130.07,852.02,1034.56,182.53999999999996,21.42437970939649
559,9,994,1742.62,1849.58,2032.29,182.71000000000004,9.878458893370388
500,14,467,2176.26,1809.83,1626.96,182.8699999999999,10.10426393639181
945,10,498,992.86,1395.03,1578.66,183.6300000000001,13.163157781553092
57,10,223,745.89,1037.45,1221.53,184.07999999999993,17.7435057111186
596,14,1001,1647.24,2080,2264.29,184.28999999999996,8.860096153846152
421,1,1060,501.67,658.14,842.5,184.36,28.01227702312578
318,13,1034,2477.98,1842.24,2027.28,185.03999999999996,10.044293903074516
271,7,623,1691.39,1800.86,1987.33,186.47000000000003,10.354497295736484
798,10,958,1643.76,1827.18,2013.74,186.55999999999995,10.210269376853946
276,9,696,1749.97,1649.49,1836.31,186.81999999999994,11.32592498287349
195,2,634,1739.81,1490.51,1303.38,187.12999999999988,12.554763134765945
288,12,64,1641.01,1710.72,1523.38,187.33999999999992,10.950944631500183
304,14,1184,2269.89,1943.24,2130.75,187.51,9.649348510734649
806,14,595,1818.77,1889.9,2078.03,188.1300000000001,9.954494946822589
689,5,1143,1217.72,1745.09,1933.34,188.25,10.787409245368435
656,12,714,2003.23,1829.06,1639.19,189.8699999999999,10.380742020491395
411,6,924,1227.21,1871.76,1681.68,190.07999999999993,10.155148095909729
250,11,741,1872.39,1847.08,2037.66,190.58000000000015,10.317907183229755
160,10,224,407.51,794.7,985.34,190.64,23.98892663898326
481,11,775,1752.23,1809.29,2000.37,191.07999999999993,10.561048809201395
920,12,988,2492.79,1753.84,1945.16,191.32000000000016,10.908634767139544
699,14,976,1526.58,1995.87,2187.21,191.34000000000015,9.586796735258316
53,9,534,1929.94,1624.87,1817.75,192.8800000000001,11.870488100586515
231,11,36,1541.47,1593.24,1399.86,193.3800000000001,12.13753106876554
443,8,75,315.71,593.83,400.0,193.83000000000004,32.640654732836
501,3,224,358.77,406.36,600.31,193.94999999999993,47.728615021163485
62,2,993,54.24,715.19,909.41,194.2199999999999,27.15641997231503
297,5,955,106.86,897.78,1092.1,194.31999999999994,21.64450087994831
941,7,83,137.84,482.65,677.89,195.24,40.45167305500881
683,6,668,1922.45,1796.98,1599.76,197.22000000000003,10.975080412692408
267,5,1028,653.19,1313.95,1511.93,197.98000000000002,15.0675444271091
340,14,1138,518.18,1696.86,1895.19,198.33000000000015,11.688059120964615
265,11,706,1508.23,2030.59,1832.13,198.4599999999998,9.773514101812765
322,4,1047,1657.68,1605.84,1804.56,198.72000000000003,12.374831863697507
522,10,1192,23.47,1157.87,1357.11,199.24,17.20745852297754
230,11,772,932.31,1575.52,1774.86,199.33999999999992,12.65233065908398
502,3,712,512.23,751.16,952.07,200.91000000000008,26.746631876031753
823,4,238,1707.28,1483.48,1282.37,201.11000000000013,13.556637096556754
853,6,1203,1900.48,1972.88,1770.96,201.92000000000007,10.234783666517986
90,5,754,489.99,765.13,967.48,202.35000000000002,26.446486218028316
938,9,934,415.5,1208.82,1411.63,202.81000000000017,16.777518571830395
103,3,1025.03,592.55,992.4,1195.29,202.89,20.444377267230955
257,9,524,2367.12,1640.78,1437.86,202.92000000000007,12.367288728531557
373,5,865,644.79,1202.46,1405.41,202.95000000000005,16.87790030437603
272,3,127,293.49,303.2,506.3,203.10000000000002,66.98548812664909
951,2,274,888.24,917.79,714.36,203.42999999999995,22.16520118981466
792,9,748,653.42,1249.66,1453.55,203.88999999999987,16.31563785349614
899,1,1092,390.55,589.11,793.67,204.55999999999995,34.723566057272826
237,12,128,477.17,874.99,1079.78,204.78999999999996,23.40483891244471
242,14,1056,2489.69,1894.16,2099.94,205.77999999999997,10.863918570764875
436,1,452,275.05,282.89,488.73,205.84000000000003,72.76326487327232
72,2,713,740.33,1048.28,1254.23,205.95000000000005,19.646468500782237
543,12,342,2253.61,1659.5,1452.54,206.96000000000004,12.47122627297379
320,13,837,1218.93,1921.68,2129.04,207.3599999999999,10.790558261521163
744,5,1077,2234.35,1665.23,1457.13,208.0999999999999,12.49677221765161
392,12,398,2481.44,1755.18,1547.02,208.16000000000008,11.859752276119833
874,5,57,559.05,639.73,848.72,208.99,32.66846951057477
282,3,471,288.19,535.67,744.98,209.31000000000006,39.07443015289265
51,12,566,2013.7,1752.03,1542.64,209.38999999999987,11.951279373070088
837,14,805,834.06,1683.49,1893.19,209.70000000000005,12.45626644648914
725,4,425,1286.54,1449.26,1239.37,209.8900000000001,14.482563515173268
864,2,1189,1164.74,1666.52,1456.31,210.21000000000004,12.613710006480572
182,14,958,1727.76,2065.16,2275.74,210.57999999999993,10.196788626547093
801,7,150,1379.35,1500.09,1711.11,211.01999999999998,14.067155970641762
201,10,753,2054.02,1779.08,1568.01,211.06999999999994,11.863997122108053
771,3,289,853.79,969.85,758.44,211.40999999999997,21.798216219002935
457,9,592,793.55,1235.69,1447.12,211.42999999999984,17.11027846790051
452,13,608,370.89,1170.54,1381.98,211.44000000000005,18.063457891229696
665,1,1115,926.13,1192.88,980.84,212.04000000000008,17.775467775467778
573,12,657,322.5,1113.16,1325.94,212.77999999999997,19.114952028459516
572,10,797,1706.73,1724.42,1937.36,212.93999999999983,12.348499785435092
458,14,1015,871.76,1846.41,2060.28,213.87000000000012,11.583017856272448
400,12,508,1970.54,1770.91,1985.63,214.72000000000003,12.12483977164283
724,9,460,2424.47,1624.68,1409.32,215.36000000000013,13.255533397345944
430,3,692,450.7,748.57,964.68,216.1099999999999,28.86971158341904
279,1,303,931.53,857.42,641.26,216.15999999999997,25.21051526673042
892,12,437,639.96,1183.74,1400.76,217.01999999999998,18.333417811343704
419,11,458,1364.29,1649.04,1866.86,217.81999999999994,13.208897297821759
810,13,137,1505.66,1777.72,1559.62,218.10000000000014,12.268523727021135
793,13,1186,2462.26,1906.35,2125.18,218.82999999999993,11.47900438009809
114,7,237.33,1262.27,1452.17,1671.43,219.26,15.098783200314012
159,2,753,1111.16,1353.87,1134.03,219.83999999999992,16.23789580978971
384,10,816,1425.64,1872.81,2094.67,221.86000000000013,11.846369893368795
123,9,259.96,554.74,835.54,1057.49,221.95000000000005,26.563659429829816
697,7,671,1262.85,1600.42,1823.56,223.13999999999987,13.94259007010659
632,11,398,723.39,1154.77,1378.03,223.26,19.333720134745448
954,10,396,2068.65,1556.68,1332.48,224.20000000000005,14.402446231723928
730,12,931,864.21,1663.58,1888.72,225.1400000000001,13.533463975282228
521,7,172,1486.86,1557.94,1783.32,225.37999999999988,14.466539147849074
464,7,336,1843.58,1691.68,1917.32,225.63999999999987,13.33821999432516
299,6,803,465.6,1012,1238.56,226.55999999999995,22.38735177865612
561,12,178,507.59,907.19,1134.57,227.37999999999988,25.064209261565917
780,2,296,1878.7,1354,1125.72,228.27999999999997,16.85967503692762
541,9,989,378.12,1193.72,1422.31,228.58999999999992,19.1493817645679
868,11,650,524.8,1179.09,1407.86,228.76999999999998,19.402250888396985
368,6,884,1798.31,1897.87,1668.88,228.98999999999978,12.065631471070189
817,13,1199,493,1634.13,1863.43,229.29999999999995,14.031931364089756
925,11,198,269.95,695.66,926.62,230.96000000000004,33.2001264985769
525,13,710,2223.86,1979.83,1746.66,233.16999999999985,11.7772738063369
357,12,1139,124.65,1314.3,1547.78,233.48000000000002,17.76458951533136
281,9,938,2224.29,1913.87,1679.53,234.33999999999992,12.24430081457988
642,2,521,467.19,667.85,903.24,235.39,35.24593845923486
613,13,855,1798.75,1951.77,2187.22,235.44999999999982,12.063409110704633
391,6,1044,47.46,1133.45,897.54,235.91000000000008,20.813445674709964
507,3,98,871.46,866.05,630.04,236.01,27.251313434559204
417,5,477,655.24,935.38,1171.65,236.2700000000001,25.259252923945358
797,6,372,2494.69,1742.34,1505.04,237.29999999999995,13.619615000516545
83,1,263,396.49,198.42,436.04,237.62000000000003,119.75607297651449
821,9,444,725.31,1062.52,1300.2,237.68000000000006,22.36946128072884
345,5,942,2092.87,1696.72,1458.32,238.4000000000001,14.050638879720879
489,11,605,1880.69,1711.55,1950.7,239.1500000000001,13.97271479068681
796,10,783,158.93,993.55,1233.54,239.99,24.154798450002517
365,13,247,2339.61,1705.9,1465.39,240.51,14.098716220177032
329,9,368,495.12,847.33,1088.14,240.81000000000006,28.419860030920663
734,1,462,2047.57,1202.9,961.96,240.94000000000005,20.029927674785938
626,14,94,105.94,1180.63,938.92,241.71000000000015,20.472967822264394
216,11,685,2272.75,1873.94,1632.14,241.79999999999995,12.903294662582576
48,12,781,1159.18,1752.72,1994.7,241.98000000000002,13.805970149253731
989,7,309,1021.75,1309.85,1552.2,242.35000000000014,18.50211856319427
190,9,524,474.75,935.4,1178.4,243.0000000000001,25.97819114817192
898,5,1126,664.9,1336.74,1580.3,243.55999999999995,18.220446758531946
562,10,472,431.95,924.65,1168.61,243.95999999999992,26.384037203266093
88,1,532,413.99,355.57,599.8,244.22999999999996,68.68689709480552
969,7,250,364.79,718.71,963.29,244.57999999999993,34.03041560573804
603,5,1050,882.86,1430.04,1674.86,244.81999999999994,17.11980084473161
975,4,184,983.77,1202.69,956.79,245.9000000000001,20.44583392229087
325,5,781,672.91,1125.36,1371.61,246.25,21.88188668514964
425,6,425,709.75,1114.9,1361.75,246.8499999999999,22.1409991927527
92,3,906.3,540.03,848.42,1096.42,248.0000000000001,29.230805497277306
395,2,423,1639.17,1367.64,1117.54,250.10000000000014,18.286976104822916
78,1,606,923,1050.05,799.3,250.75,23.879815246893006
575,2,222,456.24,437.4,688.17,250.76999999999998,57.331961591220846
343,2,500,1246.48,1264.53,1013.59,250.93999999999994,19.844527215645336
558,9,768,1815.6,1666.18,1917.36,251.17999999999984,15.07520195897201
223,3,981,2008.83,1539.47,1288.02,251.45000000000005,16.333543362325997
591,2,636,1438.19,1435.96,1184.12,251.84000000000015,17.53809298309146
813,4,862,2335.55,1698.94,1951.76,252.81999999999994,14.881043474166242
98,2,623.18,347.54,625.15,878.03,252.88,40.451091737982885
346,12,81,2485.34,1589.65,1335.61,254.0400000000002,15.980876293523744
200,11,312,2072.39,1586.22,1332.14,254.07999999999993,16.017954634287797
236,5,569,1856.7,1623.81,1368.76,255.04999999999995,15.706886889475982
822,11,610,1990.79,1753.56,2009.1,255.53999999999996,14.572640799288303
633,14,68,438.96,866.76,1122.83,256.06999999999994,29.54335686926023
819,14,719,1973.14,1980.99,2238.3,257.3100000000002,12.988960065421843
835,3,864,2338.52,1513.04,1255.58,257.46000000000004,17.0160736001692
473,8,15,377.85,657.8,400.0,257.79999999999995,39.19124353906962
260,1,992,958.87,1222.41,964.46,257.95000000000005,21.101758002634146
654,11,512,2016.19,1710.53,1452.09,258.44000000000005,15.108767458039324
601,6,378,837.63,1215.96,1474.59,258.6299999999999,21.269614132043806
820,1,482,1697.08,1198.24,938.91,259.33000000000004,21.642575777807455
455,7,901,136.8,1222.6,963.15,259.44999999999993,21.221168002617368
326,5,831,591.65,1090.31,1349.79,259.48,23.79873613926315
990,3,992,1897.41,1539,1279.01,259.99,16.89343729694607
199,1,420,2273.6,1220.35,959.36,260.9899999999999,21.386487483099103
824,2,299,1612.7,1282.8,1021.39,261.40999999999997,20.37807920174618
371,2,301,769.23,731.28,993.07,261.7900000000001,35.79887320862051
662,12,947,193.05,1225.63,1487.54,261.90999999999985,21.36941817677438
657,9,1165,1868.79,1945.95,2209.95,263.9999999999998,13.566638402836647
700,2,370,1554.5,1311.23,1047.1,264.1300000000001,20.143681886473015
166,2,165,1813.32,1273.45,1009.18,264.2700000000001,20.752287094114422
120,6,222.08,709.07,1031.34,1296.14,264.8000000000002,25.675335001066596
681,12,852,1957.9,1944.89,2209.79,264.89999999999986,13.62030757523561
463,11,667,2221.67,1872.89,1607.31,265.58000000000015,14.180224145571824
504,6,373,587.38,956.61,1222.74,266.13,27.820114780317994
834,11,372,2048.26,1632.61,1366.31,266.29999999999995,16.311305210674927
428,7,635,1406.31,1630.66,1897.04,266.3799999999999,16.335716826315718
465,4,217,1506.46,1455.37,1187.97,267.39999999999986,18.373334615939584
621,4,72,1367.29,1302.97,1035.16,267.80999999999995,20.553811676400834
535,1,481,1792.17,1215.84,947.82,268.01999999999987,22.044018949861815
811,13,774,206.45,1110,1378.09,268.0899999999999,24.152252252252246
440,11,960,383.64,1248.46,1516.75,268.28999999999996,21.48967527994489
349,11,1004,167.15,1175.65,1444.83,269.17999999999984,22.896270148428513
895,12,18,2461.37,1556.78,1287.4,269.3799999999999,17.30366525777566
540,5,320,1584.55,1584.73,1313.03,271.70000000000005,17.144876414278777
427,13,235,426.07,897.26,1170.7,273.44000000000005,30.475001671756242
490,7,670,1558.02,1702.81,1977.1,274.28999999999996,16.108080173360502
410,7,847,1994.62,1851.7,2126.37,274.66999999999985,14.83339633849975
402,7,1161,1499.97,1862.45,2137.33,274.8799999999999,14.759053934333801
60,9,885,1764.97,1694.37,1970.43,276.0600000000002,16.292781387772457
900,11,273,502.37,862.61,1139.57,276.9599999999999,32.107209515308185
476,12,965,1700.28,1879.09,2156.69,277.60000000000014,14.773108259849192
331,11,667,1915.95,1732.2,2009.87,277.66999999999985,16.02990416810991
789,4,1001,739.08,1116.31,1394.12,277.80999999999995,24.886456271107484
680,3,870,413.23,795.8,1074.29,278.49,34.99497361146017
962,6,194,914.25,1168.72,1448.08,279.3599999999999,23.90307344787459
973,11,1149,270.81,1284.51,1564.4,279.8900000000001,21.789631844049488
723,7,381,2106.96,1705.27,1985.74,280.47,16.447248822767072
692,6,248,395.4,710.15,990.76,280.61,39.51418714356122
890,1,1035,1289.84,1317.33,1035.96,281.3699999999999,21.35911275079137
661,4,1065,119.34,781.82,1065.15,283.33000000000004,36.239799442326884
269,12,882,1958.14,1944.88,2230.01,285.1300000000001,14.660544609436062
742,14,595,2140.61,1989.13,1703.8,285.33000000000015,14.344462151795012
369,5,789,1853.31,1792.88,1507.19,285.69000000000005,15.93469724688769
394,6,84,852.7,1109.32,1395.58,286.26,25.80499765622183
629,1,979,1292.54,1313.53,1026.84,286.69000000000005,21.82591946891202
850,5,1010,2054.21,1810.37,1523.67,286.6999999999998,15.836541701420142
254,11,920,1338.65,1871.27,2158.45,287.17999999999984,15.346796560624593
582,1,467,296.49,221.23,508.44,287.21000000000004,129.82416489626183
167,5,1076,190.33,879.65,1167.12,287.4699999999999,32.68004319899959
743,7,623,1894.02,1739.49,2027.85,288.3599999999999,16.577272648879838
130,6,233.7,346.98,648.57,937.76,289.18999999999994,44.58886473318222
382,9,1080,539.51,1306.91,1596.26,289.3499999999999,22.140009641061734
407,14,191,2442.76,1798.47,1508.66,289.80999999999995,16.114252670325328
585,12,452,816.56,1243.1,1534.43,291.33000000000015,23.435765425146823
212,1,620,973.91,1112.02,820.17,291.85,26.245031564180504
142,9,1012,1429.04,1880.76,2173.37,292.6099999999999,15.558072268657346
67,3,795,450.85,743.94,1036.84,292.89999999999986,39.37145468720594
910,13,1152,864.45,1797.14,2091.95,294.8099999999997,16.40439809920205
616,5,1080,2383.82,1664.76,1369.31,295.45000000000005,17.74730291453423
238,4,886,2401.28,1698,1994.13,296.1300000000001,17.439929328621915
413,1,211,958.08,891.9,594.02,297.88,33.39836304518444
215,14,516,1464.67,1842.1,2140.99,298.8899999999999,16.22550350143857
161,6,383,462.79,800.3,1101.35,301.04999999999995,37.61714357116081
694,1,1112,2011.44,1423.85,1121.77,302.0799999999999,21.215717947817534
569,4,199,1310.01,1400.57,1097.33,303.24,21.651184874729577
552,8,323,46.48,703.45,400.0,303.45000000000005,43.137394271092475
885,2,897,2382.39,1437.95,1741.89,303.94000000000005,21.13703536284294
931,3,1027,180,804.96,1108.9,303.94000000000005,37.75839793281654
611,1,1068,2011.28,1421.45,1117.36,304.09000000000015,21.39294382496747
327,7,1089,1026.25,2132.85,1827.9,304.9499999999998,14.297770588648984
517,1,436,1358.14,1154.03,849.04,304.99,26.42825576458151
649,1,1113,1536,1403.6,1098.1,305.5,21.76546024508407
213,13,1004,1757.75,1960.67,2266.56,305.8899999999999,15.601299555764095
639,12,1135,475.95,1447.39,1753.62,306.2299999999998,21.157393653403698
73,3,874,1191.4,1515.99,1209.65,306.3399999999999,20.207257303808067
328,1,793,2171.07,1421.36,1114.31,307.04999999999995,21.602549670737883
560,1,1105,1432.3,1387.17,1078.58,308.59000000000015,22.24601166403542
927,11,67,2455.53,1572.91,1263.77,309.1400000000001,19.654017076628673
64,3,981,341.45,813.95,1123.28,309.3299999999999,38.0035628724123
296,4,10,1262.73,1261.41,951.79,309.6200000000001,24.545548235704498
157,1,822,2170.53,1374.91,1065.13,309.78,22.530929297190358
849,12,158,2195.67,1625.46,1314.78,310.68000000000006,19.11335868000443
695,12,1189,1453.16,2162.13,2473.84,311.71000000000004,14.416801949929006
397,6,577,897.74,1257.31,1570.64,313.33000000000015,24.920663957178434
830,12,601,2166.56,1918.46,1604.31,314.1500000000001,16.375113372183943
772,7,953,1918.24,1833.56,2148.2,314.6399999999999,17.160060210737573
285,10,965,1851.28,1805.77,2122.19,316.4200000000001,17.522718840162373
50,10,358,2066.62,1624.11,1306.51,317.5999999999999,19.555325686068056
377,1,752,1632.35,1362.39,1044.04,318.35000000000014,23.367024126718498
978,1,389,1964.96,1228.94,909.9,319.0400000000001,25.960583917847906
669,7,1033,1013.03,2119.83,1800.37,319.46000000000004,15.070076374048865
579,1,673,2026.16,1372.83,1051.82,321.01,23.38308457711443
177,1,989,2196.84,1439.17,1116.54,322.6300000000001,22.417782471841416
356,10,1187,1981.09,2013.21,2335.84,322.6300000000001,16.02565057793276
467,7,690,1807.71,1710.98,2034.04,323.05999999999995,18.88157664028802
305,1,735,1676.9,1365.21,1041.69,323.52,23.697453139077503
492,3,718,1158.02,1416.98,1092.11,324.8700000000001,22.92692910273964
728,1,553,1687.11,1295.34,969.91,325.42999999999995,25.123133694628436
366,14,777,1248.61,1837.25,2164.62,327.3699999999999,17.81847870458565
807,7,381,2342.27,1705.24,2032.8,327.55999999999995,19.209026295418823
270,11,448,732.79,1090.35,1418.11,327.76,30.06007245379924
688,4,1075,586.17,1023.65,1351.95,328.30000000000007,32.07150881649002
496,1,1166,1423.69,1412.13,1082.52,329.6100000000001,23.341335429457637
404,13,996,1809.2,1956.89,2286.92,330.03,16.865025627398573
112,6,72.85,457.75,666.59,997.06,330.4699999999999,49.57620126314525
870,1,791,1927.75,1419.88,1089.17,330.71000000000004,23.29140490745697
809,11,226,2013.45,1590.82,1259.78,331.03999999999996,20.80939389748683
904,12,353,2150.17,1765.67,1434.05,331.6200000000001,18.781539019182524
627,4,1113,2103.82,1695.08,2027.24,332.1600000000001,19.59553531396749
403,2,730,285.24,624.78,958.94,334.1600000000001,53.4844265181344
361,10,215,2440.91,1638.66,1304.28,334.3800000000001,20.405697338068915
93,3,1007.56,187.52,764.64,1099.05,334.40999999999997,43.73430634023854
85,10,424,474.99,831.96,1166.57,334.6099999999999,40.21948170585123
600,1,993,1143.58,1328.85,993.8,335.04999999999995,25.213530496293785
101,3,1020.39,250.62,779.08,1114.52,335.43999999999994,43.05591210145299
321,11,927,1306.37,1804.68,2140.55,335.8700000000001,18.611055699625425
950,14,343,2013.4,1839.05,1503.16,335.8899999999999,18.264321252820743
727,9,1000,1901.79,1778.65,2115.89,337.2399999999998,18.96044753043037
767,2,252,1545.94,1300.19,962.26,337.93000000000006,25.990816726786086
708,7,803,12.75,1146.78,804.8,341.98,29.820889795776
770,9,597,625.99,990.84,1333.18,342.34000000000003,34.55048241895766
68,3,606,1184.23,1364.54,1020.26,344.28,25.23048060152139
292,3,1096,200.27,802.96,1147.31,344.3499999999999,42.88507522167977
831,6,290,814.04,1077.35,1422.84,345.49,32.06850141551028
675,11,958,1999.13,1900.18,2246.43,346.2499999999998,18.221957919776006
733,9,896,1398.54,1727.1,2074.3,347.2000000000003,20.10306293787275
390,1,697,2148.5,1421.07,1073.65,347.41999999999985,24.447775267931902
858,5,387,1882.35,1588.8,1240.53,348.27,21.920317220543804
940,1,1002,2320.13,1475.4,1126.21,349.19000000000005,23.667480005422263
431,2,91,1073.76,1013.78,662.29,351.49,34.67123044447513
574,8,177,486.06,751.58,400.0,351.58000000000004,46.778786024109216
208,4,1000,2355.34,1699.56,2052.14,352.5799999999999,20.745369389724395
980,13,145,2202.42,1716.13,1362.76,353.3700000000001,20.5910974110353
509,1,869,1498.88,1398.94,1045.42,353.52,25.27056199694054
422,5,1085,2486.43,1664.83,1310.84,353.99,21.262831640467798
903,5,659,2083.15,1645.06,1288.69,356.3699999999999,21.663039645970354
372,12,1007,1353.77,1925.32,2282.33,357.01,18.54289157127127
220,3,779,2110.9,1520.73,1161.93,358.79999999999995,23.593931861671695
865,2,762,519.74,752.69,1111.57,358.8799999999999,47.67965563512201
768,14,999,619.42,1510.57,1872.92,362.35000000000014,23.987633807105937
735,3,665,2418.16,1490.96,1128.22,362.74,24.329291194934807
658,1,872,2420.07,1456.34,1092.6,363.74,24.976310476949067
491,11,844,1962.77,1787.57,2151.86,364.2900000000002,20.37906207868784
408,7,776,2447.82,1826.93,2192.16,365.2299999999998,19.991461084989563
677,5,1116,2460.46,1711.97,1345.64,366.3299999999999,21.398155341507145
872,12,59,2247.39,1629.92,1261.38,368.53999999999996,22.610925689604393
104,2,794.32,402.31,671.06,1039.93,368.8700000000001,54.96825917205618
847,11,1013,1483.3,1952.8,2322.02,369.22,18.90721015977059
233,7,987,2164.1,1839.67,2209.27,369.5999999999999,20.09055971994977
957,4,1048,279.75,780.15,1150.01,369.86,47.408831634942
713,1,1058,1601.04,1465.9,1095.85,370.0500000000002,25.24387748141075
921,1,1041,1630.25,1466.95,1095.61,371.34000000000015,25.313746208118896
851,1,682,1517.04,1376.04,1004.5,371.53999999999996,27.000668585215543
985,3,278,994.9,1167.78,793.07,374.7099999999999,32.08737947216085
634,3,769,2497.93,1587.8,1212.99,374.80999999999995,23.605617835999492
516,1,678,1478.57,1370.31,994.77,375.53999999999996,27.405477592661516
319,4,842,2464.29,1611.66,1989.86,378.1999999999998,23.466487968926437
947,4,1100,370.61,860.32,1239.37,379.04999999999984,44.05918727915192
855,3,760,2073.25,1522.45,1142.99,379.46000000000004,24.92429964859273
986,7,1109,2397.29,1917.57,2298.61,381.0400000000002,19.87098254561764
498,3,1013,166.52,711.07,1092.36,381.28999999999985,53.622006272237584
983,1,309,1211.37,1110.55,728.81,381.74,34.37395884921885
638,1,170,2452.85,1209.08,827.28,381.79999999999995,31.577728520858834
906,2,1158,2355.92,1528.91,1911.39,382.48,25.016515033586018
389,14,296,485.68,924.9,1308.3,383.4,41.45313006811547
690,2,719,591.44,755.3,1139.26,383.96000000000004,50.83542963061036
426,7,313,2408.02,1637.65,2022.15,384.5,23.478765303941625
781,7,300,2417.85,1634.04,2019.57,385.53,23.59366967760887
456,1,698,1525.82,1398.75,1011.78,386.97,27.665415549597856
149,7,1006,1181.33,2279.82,1891.9,387.9200000000001,17.015378407067228
545,10,886,1990.03,1749.93,2138.63,388.70000000000005,22.212317064111136
907,3,512,1251.6,1360.76,971.3,389.46000000000004,28.620770745759728
838,5,905,2317.31,1691.38,1300.71,390.6700000000001,23.09770719767291
512,1,716,1396.41,1376.59,985.32,391.26999999999987,28.42313252311871
537,1,45,1070.22,922.69,528.07,394.62,42.76842709902567
479,1,754,1220.47,1346.14,947.74,398.4000000000001,29.595732984682133
999,8,413,222.83,802.95,400.0,402.95000000000005,50.18369761504453
786,14,1020,510.33,1406.95,1810.63,403.68000000000006,28.691851167418886
536,5,233,1862.04,1562.23,1157.24,404.99,25.923839639489703
388,14,1100,237.69,1265.57,1673.38,407.8100000000002,32.223425017976105
749,1,809,1734.56,1447.25,1039.43,407.81999999999994,28.178960096735185
652,7,256,2180.53,1548.87,1956.71,407.84000000000015,26.33145454428068
264,1,9,2246.28,1120.22,710.03,410.19000000000005,36.616914534644984
155,1,123,2076.65,1171.68,761.46,410.22,35.01126587464154
788,12,1046,1850.85,1875.72,2286.24,410.51999999999975,21.885995777621382
81,4,650,619.49,676.38,1087.19,410.81000000000006,60.73656820130696
164,5,1004,2367.63,1743.85,1331.9,411.9499999999998,23.62301803480803
352,1,43,2149.22,1134.47,720.72,413.75,36.47077489929218
909,7,1086,2319.81,1858.36,2275.06,416.70000000000005,22.4229966206763
284,10,160,2272.56,1642.15,1225.34,416.8100000000002,25.38196876046647
576,3,555,2342.76,1458.63,1039.91,418.72,28.706388871749517
298,7,1176,2489.13,1921.16,2340.43,419.26999999999975,21.823793957817138
450,7,577,1959.13,1603.6,2024.78,421.18000000000006,26.264654527313553
769,13,125,2004.61,1721.56,1299.9,421.65999999999985,24.492901786751542
592,14,865,1422.11,1921.18,2345.03,423.85000000000014,22.06196191923714
581,1,250,1300.17,1145.33,720.05,425.28,37.131656378510996
620,7,287,2293.5,1558.09,1990.15,432.0600000000002,27.73010544962102
80,3,624,1160.92,1459.34,1027.03,432.30999999999995,29.62366549261995
113,8,297.64,481.09,835.08,400.0,435.08000000000004,52.100397566700195
218,3,375,1346.21,1339.93,899.05,440.8800000000001,32.90321136178756
705,11,24,2029.04,1569.37,1128.34,441.03,28.102359545550126
44,8,610,208.29,841.27,400.0,441.27,52.452839159841666
351,13,112,2299.56,1807.67,1364.93,442.74,24.492302245431965
309,12,959,1947.82,1833.24,2276.44,443.20000000000005,24.175776221334907
42,11,927,1994.33,1779.12,2223.26,444.1400000000003,24.964027159494602
460,5,781,2114.27,1789.85,1345.66,444.1899999999998,24.817163449451062
701,4,1180,1948.55,1565.16,2010.02,444.8599999999999,28.422653275064526
750,9,1079,1981.94,1763.16,2208.9,445.74,25.280745933437693
883,14,530,2028.06,2079.14,1632.11,447.03,21.500716642457938
679,6,170,476.99,600.23,1047.39,447.1600000000001,74.49810905819437
510,2,875,393.25,640.56,1088.35,447.78999999999996,69.90601973273385
471,4,1194,2250.51,1691.15,2140.18,449.02999999999975,26.551754723117387
518,5,586,2135.36,1661.61,1212.1,449.51,27.052677824519595
174,8,123,612.55,851.24,400.0,451.24,53.0097269865138
170,3,429,2400.13,1411.95,960.32,451.63,31.98626013669039
676,3,186,1068.31,1152.04,697.28,454.76,39.474323808201106
84,1,451,555.49,162.18,617.25,455.07,280.59563448020714
86,2,565,389.49,415.96,871.44,455.4800000000001,109.50091354937976
615,11,816,544.99,1077.12,1533.21,456.09000000000015,42.34347147950091
766,12,46,2077.07,1666.29,1210.09,456.20000000000005,27.37818747036831
800,7,151,2461.93,1516.58,1976.24,459.6600000000001,30.308984689234997
861,7,15,2436.67,1459.63,1923.58,463.9499999999998,31.785452477682686
916,10,108,2181.67,1632.42,1167.78,464.6400000000001,28.463263130811928
420,3,289,1245.67,1279.31,813.72,465.5899999999999,36.3938373029211
290,3,781,1801.38,1586.21,1116.91,469.29999999999995,29.5862464616917
752,8,403,654.97,895.14,424.69,470.45,52.556024755904104
179,1,37,1397.17,1092.94,621.35,471.59000000000003,43.14875473493513
702,5,36,2022.94,1410.58,938.56,472.02,33.46283089225708
828,2,1038,685.07,962.14,1434.28,472.14,49.071860643981125
406,2,1139,306.43,726.14,1201.05,474.90999999999997,65.4019885972402
896,3,560,1664.15,1419.48,941.62,477.86,33.664440499337786
118,8,266.87,252.08,880.41,400.0,480.40999999999997,54.56662236912347
881,9,1139,1973.31,1759.33,2244.78,485.4500000000003,27.592890475351428
674,5,778,2423.47,1643.96,1158.28,485.68000000000006,29.543297890459623
106,2,851.68,473.96,650.68,1136.83,486.15,74.71414520194259
943,3,280,1090.37,1256.92,768.59,488.33000000000004,38.85131909747637
274,3,1166,530.44,785.59,1275.33,489.7399999999999,62.34040657340342
415,3,196,1211.68,1229.87,740.12,489.7499999999999,39.8212819241058
646,14,1153,346.58,1292.93,1785.12,492.1899999999998,38.067799494172135
636,12,1088,1977.91,1883.21,2377.91,494.6999999999998,26.268976906452266
219,4,1124,2177.18,1567.43,2063.95,496.51999999999975,31.67733168307355
628,14,267,2090.21,1968.4,1471.44,496.96000000000004,25.24690103637472
99,3,1061.15,388.5,693.36,1198.21,504.85,72.8121033806392
291,3,158,1070.74,1183.16,678.29,504.8700000000001,42.671320869535826
992,5,895,2329.69,1791.96,1287.09,504.8700000000001,28.174177995044538
753,8,534,429.88,916.02,401.37,514.65,56.18327110761774
732,3,1074,247.32,636.02,1150.73,514.71,80.92670041822585
89,2,384,495.49,290.36,831.35,540.99,186.3169858107177
993,8,372,348.37,950.24,400.0,550.24,57.90537127462536
672,8,392,661.27,978.13,423.88,554.25,56.66424708372097
370,4,825,874.99,784.52,1342.75,558.23,71.15561107428746
434,5,210,710.49,483.34,1042.02,558.6800000000001,115.58737120867299
934,3,334,2449.89,1472.53,901.28,571.25,38.79377669724896
393,3,139,2428.89,1345.66,761.63,584.0300000000001,43.40100768396178
913,3,327,2141.92,1438.41,850.19,588.22,40.893764642904316
121,8,264.94,720.67,1019.85,411.54,608.31,59.647006912781286
462,5,503,2335.55,1649.42,1040.53,608.8900000000001,36.915400565047115
505,8,562,2479.33,1478.31,857.85,620.4599999999999,41.97089920246768
108,3,1317.07,476.87,787.42,1412.7,625.2800000000001,79.40870183637705
180,8,488,439.7,1030.13,400.0,630.1300000000001,61.16994942385913
959,3,240,1895.67,1386.33,752.35,633.9799999999999,45.73081445254737
286,3,266,2178.16,1447.95,812.92,635.0300000000001,43.85717738872199
348,3,213,1724.85,1344.71,707.83,636.88,47.36188471863822
244,4,286,1063.49,418.17,1057.02,638.8499999999999,152.77279575292343
711,5,516,1878.49,669.85,1322.83,652.9799999999999,97.48152571471223
996,1,1082,1809.49,446.94,1108.67,661.73,148.0579048641876
716,8,792,2437.24,1556.7,894.59,662.11,42.53292220723325
506,5,132,2387.03,1454.05,779.62,674.43,46.3828616622537
303,8,1090,419.76,1189.47,510.35,679.12,57.09433613289953
240,8,275,2347.09,1454.47,771.36,683.11,46.96624887416035
944,5,644,2383.17,1785.53,1099.38,686.1499999999999,38.42836580735131
268,8,1166,99.47,1149.07,455.08,693.99,60.395798341267295
873,8,626,545.84,1142.89,445.28,697.6100000000001,61.03912012529641
618,3,29,1632.85,1269.1,565.23,703.8699999999999,55.462138523363016
587,8,107,2450.89,1468.19,760.6,707.59,48.19471594275945
527,3,133,1728.5,1373.4,652.38,721.0200000000001,52.498907820008746
889,3,91,1640.15,1338.3,609.72,728.5799999999999,54.44070836135395
863,5,41,2314.68,1500.28,766.61,733.67,48.90220492174794
192,8,342,2259.06,1502.02,765.39,736.63,49.04262260156323
381,8,621,2391.34,1593.12,850.29,742.8299999999999,46.62737270262127
704,8,52,2353.5,1485.05,728.17,756.88,50.966634120063304
344,8,7,2075.6,1422.12,658.03,764.0899999999999,53.72893989255477
538,5,152,2444.81,1523.75,757.35,766.4,50.29696472518458
939,8,936,556.28,1277.26,509.58,767.6800000000001,60.10365939589434
438,8,312,2383.17,1557.27,786.7,770.5699999999999,49.48210650689989
82,6,204,818.99,628.4,1400.27,771.87,122.83099936346278
953,8,204,2178.45,1506.38,720.06,786.3200000000002,52.19931225852707
280,8,1012,2390.84,1732.12,928.38,803.7399999999999,46.40209685241207
315,8,466,2064.63,1558.12,747.42,810.6999999999999,52.0306523245963
115,5,195.73,1228.49,511.23,1342.81,831.5799999999999,162.66259804784536
511,8,888,2296.07,1718.71,882.74,835.97,48.63938651663166
706,8,221,936.98,1287,450.34,836.6600000000001,65.00854700854701
221,8,1173,671.25,1419.34,582.28,837.06,58.97529837811941
966,8,916,2417.62,1755.05,915.08,839.9699999999999,47.86017492379134
375,8,1159,2175.27,1752.18,910.36,841.82,48.04415071510918
668,8,77,1930.98,1485.69,640.22,845.47,56.90756483519442
55,8,630,967.69,1388.05,538.89,849.16,61.1764705882353
846,8,867,2373.39,1747.22,895.55,851.6700000000001,48.74429093073569
746,8,255,1817.19,1510.91,650.78,860.1300000000001,56.92794408667624
117,8,302.24,1046.04,1353.77,490.58,863.19,63.76193888178938
520,14,481,939.99,877.17,1750.26,873.09,99.53486781353672
398,8,200,1508.89,1461.33,571.96,889.3699999999999,60.860312181369025
614,8,544,1279.51,1483.77,590.29,893.48,60.21687997465914
588,8,80,1092.18,1365.73,456.28,909.45,66.59076098496774
424,8,415,1214.97,1473.75,550.29,923.46,62.66055979643767
58,8,467,1178.71,1483.33,552.72,930.6099999999999,62.73789379301976
475,8,638,1007.48,1483.06,549.25,933.81,62.96508570118539
482,8,592,1402.98,1561.41,627.06,934.3500000000001,59.8401444847926
41,8,862,1817.85,1719.37,772.33,947.0399999999998,55.080640001861134
833,8,303,1072.44,1453.25,496.54,956.71,65.83244452090143
799,8,34,1225.2,1438.52,476.34,962.1800000000001,66.88680032255374
964,8,1053,1864.01,1794.57,820.68,973.89,54.268710610341195
495,8,752,1519.78,1662.92,684.75,978.1700000000001,58.822432828999595
466,8,207,1146.93,1479.01,493.72,985.29,66.6182108302175
530,8,1185,554.98,1545.67,559.1,986.57,63.82798398105676
617,8,1124,1908.69,1833.27,844.71,988.56,53.92331735096303
46,8,435,1129.65,1525.26,535.52,989.74,64.88992040701258
122,8,161.15,1230.37,1499.24,502.91,996.3299999999999,66.45567087324244
116,8,276.28,1179.9,1522.6,514.83,1007.7699999999999,66.18744253251018
367,11,740,1171.99,902.09,1921.19,1019.1,112.97098959083904
606,8,633,1308.36,1639.12,614.44,1024.6799999999998,62.51403191956659
138,8,1118,1758.52,1852.47,810.47,1042.0,56.24922400902579
139,8,1064,1756.52,1857.04,799.23,1057.81,56.96215482703657
589,8,945,766.98,1625.53,557.74,1067.79,65.68872921447159
995,8,978,710.43,1624.58,551.89,1072.69,66.02875820211995
604,8,836,735.52,1606.63,529.01,1077.6200000000001,67.0733149511711
214,8,962,1929.63,1897.19,816.92,1080.27,56.94052783326921
152,4,69,2321.49,322,1414.83,1092.83,339.388198757764
136,8,892,1768.53,1902.37,767.48,1134.8899999999999,59.65663882420349
623,8,801,1241.21,1780.65,633.27,1147.38,64.43602055429197
187,8,817,1455.73,1847.26,683.66,1163.6,62.990591470610525
477,8,1182,990.07,1840.75,654.22,1186.53,64.45905201684096
747,8,1009,1378.07,1903.76,704.98,1198.78,62.969071731730885
919,8,897,1536.36,1944.62,717.4,1227.2199999999998,63.108473634951814
761,8,1142,776.74,1827.44,599.28,1228.16,67.20658407389573
162,8,1005,1391.37,1987.39,707.1,1280.29,64.420672339098
133,8,891,1194.36,2016.46,640.96,1375.5,68.21360205508662
432,8,1187,1045.91,2047.06,667.5,1379.56,67.39226011939074
814,8,829,1147.89,2004.34,618.34,1386.0,69.14994462017422
751,8,1134,1049.84,2073.13,657.76,1415.3700000000001,68.27212958184002
513,8,1025,1031.33,2214.64,631.89,1582.75,71.46759744247373
